{"cameraMode":{"drawMode":0,"name":"Shaded","section":"Shading Mode"},"sceneLighting":true,"audioPlay":false,"sceneViewState":{"showFog":true,"showMaterialUpdate":true,"showSkybox":true,"showFlares":true,"showImageEffects":true,"showParticleSystems":true},"in2DMode":false,"pivot":{"x":12.63436508178711,"y":0.5290274620056152,"z":6.265312194824219},"rotation":{"x":-0.04775076359510422,"y":0.9277331233024597,"z":-0.12742574512958527,"w":-0.34760990738868716},"size":11.60323715209961,"orthographic":false}