{"cameraMode":{"drawMode":0,"name":"Shaded","section":"Shading Mode"},"sceneLighting":true,"audioPlay":false,"sceneViewState":{"showFog":true,"showMaterialUpdate":true,"showSkybox":true,"showFlares":true,"showImageEffects":true,"showParticleSystems":true},"in2DMode":false,"pivot":{"x":8.291784286499024,"y":0.8385295867919922,"z":9.56356430053711},"rotation":{"x":-0.06143818795681,"y":0.02872970886528492,"z":-0.0018054357497021556,"w":-0.997747540473938},"size":5.64109992980957,"orthographic":false}