{"cameraMode":{"drawMode":0,"name":"Shaded","section":"Shading Mode"},"sceneLighting":false,"audioPlay":false,"sceneViewState":{"showFog":true,"showMaterialUpdate":true,"showSkybox":false,"showFlares":true,"showImageEffects":true,"showParticleSystems":true},"in2DMode":false,"pivot":{"x":0.0009342432022094727,"y":0.8284394145011902,"z":-0.04826661944389343},"rotation":{"x":-0.06143818795681,"y":0.02872970886528492,"z":-0.0018054357497021556,"w":-0.997747540473938},"size":2.925326347351074,"orthographic":false}